RT @F1Gate: ãƒ•ã‚§ãƒ©ãƒ¼ãƒªF1ã‚¨ãƒ³ã‚¸ãƒ³å‹¢ã®F1ãƒ—ãƒ¬ã‚·ãƒ¼ã‚ºãƒ³ãƒ†ã‚¹ãƒˆã§ã®â€œå¤§é‡ã®ç…™â€ãŒè©±é¡Œ https://t.co/wZPwezblcD #F1 #F1jp #Formula1,negative,RT @F1Gate: ãƒ•ã‚§ãƒ©ãƒ¼ãƒªF1ã‚¨ãƒ³ã‚¸ãƒ³å‹¢ã®F1ãƒ—ãƒ¬ã‚·ãƒ¼ã‚ºãƒ³ãƒ†ã‚¹ãƒˆã§ã®â€œå¤§é‡ã®ç…™â€ãŒè©±é¡Œ https://t.co/wZPwezblcD #F1 #F1jp #Formula1
"RT @F1: A dash of yellow, some red and lots of purple 

#AusGP tyre selections &gt;&gt; https://t.co/NgYJqhUcJT

#F1 ğŸ‡¦ğŸ‡º https://t.co/RlLhVHIlEW",negative,"RT @F1: A dash of yellow, some red and lots of purple 

#AusGP tyre selections &gt;&gt; https://t.co/NgYJqhUcJT

#F1 ğŸ‡¦ğŸ‡º https://t.co/RlLhVHIlEW"
RT @F1: FIA Deputy Race Director Laurent Mekies to join @ScuderiaFerrari's technical team &gt;&gt; https://t.co/vP8wMCNGhR #F1 https://t.co/Lpjc8â€¦,negative,RT @F1: FIA Deputy Race Director Laurent Mekies to join @ScuderiaFerrari's technical team &gt;&gt; https://t.co/vP8wMCNGhR #F1 https://t.co/Lpjc8â€¦
Laurent Mekies To Leave #FIA to Join Ferrari Technical Line-up https://t.co/YL6ej8S2UU #F1 #Motorsport #formula1,negative,Laurent Mekies To Leave #FIA to Join Ferrari Technical Line-up https://t.co/YL6ej8S2UU #F1 #Motorsport #formula1
RT @F1: FIA Deputy Race Director Laurent Mekies to join @ScuderiaFerrari's technical team &gt;&gt; https://t.co/vP8wMCNGhR #F1 https://t.co/Lpjc8â€¦,negative,RT @F1: FIA Deputy Race Director Laurent Mekies to join @ScuderiaFerrari's technical team &gt;&gt; https://t.co/vP8wMCNGhR #F1 https://t.co/Lpjc8â€¦
Is Daniel Riccairdo the best overtaker on the F1 grid today? #RB14 #F1 #Formula1 https://t.co/SmzgxYKxrq,positive,Is Daniel Riccairdo the best overtaker on the F1 grid today? #RB14 #F1 #Formula1 https://t.co/SmzgxYKxrq
"RT @F1: Who showed their hand, and who's got more pace to come? ğŸ¤”

Here's everything we learned from #F1Testing &gt;&gt; https://t.co/41f5PBsjBJâ€¦",positive,"RT @F1: Who showed their hand, and who's got more pace to come? ğŸ¤”

Here's everything we learned from #F1Testing &gt;&gt; https://t.co/41f5PBsjBJâ€¦"
RT @F1: ğŸ‘€ Tyre choices for Melbourne &gt;&gt; https://t.co/NgYJqhUcJT #F1 #AusGP https://t.co/Hfyc9B6GYT,negative,RT @F1: ğŸ‘€ Tyre choices for Melbourne &gt;&gt; https://t.co/NgYJqhUcJT #F1 #AusGP https://t.co/Hfyc9B6GYT
"RT @F1: â€œIt will take time to deliver and to improveâ€

Sauber ğŸ¤ Alfa Romeo will be a long-term project, says Frederic Vasseur
https://t.co/â€¦",negative,"RT @F1: â€œIt will take time to deliver and to improveâ€

Sauber ğŸ¤ Alfa Romeo will be a long-term project, says Frederic Vasseur
https://t.co/â€¦"
"formula1 starts again in 11 days and iâ€™m really excited about that what iâ€™m not excited about is, is that it will sâ€¦ https://t.co/OjZ709ntk3",positive,"formula1 starts again in 11 days and iâ€™m really excited about that what iâ€™m not excited about is, is that it will sâ€¦ https://t.co/OjZ709ntk3"
"RT @uzapelloni: Quel genio di #stephenhawking il suo amore per la @F1 e lâ€™amicizia con Frank #Williams. Nel mio blog su #topspeed #Gds
httpâ€¦",negative,"RT @uzapelloni: Quel genio di #stephenhawking il suo amore per la @F1 e lâ€™amicizia con Frank #Williams. Nel mio blog su #topspeed #Gds
httpâ€¦"
"RT @F1: The fastest, busiest, most improved teams &amp; more 

We crunch the key numbers from 2018 #F1Testing
&gt;&gt; https://t.co/Fw9CHxyM08

#F1 #â€¦",positive,"RT @F1: The fastest, busiest, most improved teams &amp; more 

We crunch the key numbers from 2018 #F1Testing
&gt;&gt; https://t.co/Fw9CHxyM08

#F1 #â€¦"
"RT @F1: A dash of yellow, some red and lots of purple 

#AusGP tyre selections &gt;&gt; https://t.co/NgYJqhUcJT

#F1 ğŸ‡¦ğŸ‡º https://t.co/RlLhVHIlEW",negative,"RT @F1: A dash of yellow, some red and lots of purple 

#AusGP tyre selections &gt;&gt; https://t.co/NgYJqhUcJT

#F1 ğŸ‡¦ğŸ‡º https://t.co/RlLhVHIlEW"
RT @F1Gate: ãƒ•ã‚§ãƒ©ãƒ¼ãƒªF1ã‚¨ãƒ³ã‚¸ãƒ³å‹¢ã®F1ãƒ—ãƒ¬ã‚·ãƒ¼ã‚ºãƒ³ãƒ†ã‚¹ãƒˆã§ã®â€œå¤§é‡ã®ç…™â€ãŒè©±é¡Œ https://t.co/wZPwezblcD #F1 #F1jp #Formula1,negative,RT @F1Gate: ãƒ•ã‚§ãƒ©ãƒ¼ãƒªF1ã‚¨ãƒ³ã‚¸ãƒ³å‹¢ã®F1ãƒ—ãƒ¬ã‚·ãƒ¼ã‚ºãƒ³ãƒ†ã‚¹ãƒˆã§ã®â€œå¤§é‡ã®ç…™â€ãŒè©±é¡Œ https://t.co/wZPwezblcD #F1 #F1jp #Formula1
"Fun Facts About the Tyrell P34, One of the Most Unique Formula1 Racers in History https://t.co/DeLhTm49Xh https://t.co/7heNV7ejKE",positive,"Fun Facts About the Tyrell P34, One of the Most Unique Formula1 Racers in History https://t.co/DeLhTm49Xh https://t.co/7heNV7ejKE"
